{
  "minx": 13508564.243811153,
  "miny": 1597794.5959659757,
  "maxx": 13519158.69401833,
  "maxy": 1612571.7677701116
}
